Afghanistan: Afganistán
'Åland Islands': Alandia
Albania: Albania
Algeria: Argelia
'American Samoa': 'Samoa Americana'
Andorra: Andorra
Angola: Angola
Anguilla: Anguilla
Antarctica: Antártida
'Antigua and Barbuda': 'Antigua y Barbuda'
Argentina: Argentina
Armenia: Armenia
Aruba: Aruba
Australia: Australia
Austria: Austria
Azerbaijan: Azerbaiyán
Bahamas: Bahamas
Bahrain: Bahrein
Bangladesh: Bangladesh
Barbados: Barbados
Belarus: Bielorrusia
Belgium: Bélgica
Belize: Belice
Benin: Benín
Bermuda: Bermudas
Bhutan: Bután
'Bolivia (Plurinational State of)': Bolivia
'Bonaire, Sint Eustatius and Saba': null
'Bosnia and Herzegovina': 'Bosnia y Herzegovina'
Botswana: Botswana
'Bouvet Island': 'Isla Bouvet'
Brazil: Brasil
'British Indian Ocean Territory': 'Territorio Británico del Océano Índico'
'United States Minor Outlying Islands': 'Islas Ultramarinas Menores de Estados Unidos'
'Virgin Islands (British)': 'Islas Vírgenes del Reino Unido'
'Virgin Islands (U.S.)': 'Islas Vírgenes de los Estados Unidos'
'Brunei Darussalam': Brunei
Bulgaria: Bulgaria
'Burkina Faso': 'Burkina Faso'
Burundi: Burundi
Cambodia: Camboya
Cameroon: Camerún
Canada: Canadá
'Cabo Verde': 'Cabo Verde'
'Cayman Islands': 'Islas Caimán'
'Central African Republic': 'República Centroafricana'
Chad: Chad
Chile: Chile
China: China
'Christmas Island': 'Isla de Navidad'
'Cocos (Keeling) Islands': 'Islas Cocos o Islas Keeling'
Colombia: Colombia
Comoros: Comoras
Congo: Congo
'Congo (Democratic Republic of the)': 'Congo (Rep. Dem.)'
'Cook Islands': 'Islas Cook'
'Costa Rica': 'Costa Rica'
Croatia: Croacia
Cuba: Cuba
Curaçao: null
Cyprus: Chipre
'Czech Republic': 'República Checa'
Denmark: Dinamarca
Djibouti: Yibuti
Dominica: Dominica
'Dominican Republic': 'República Dominicana'
Ecuador: Ecuador
Egypt: Egipto
'El Salvador': 'El Salvador'
'Equatorial Guinea': 'Guinea Ecuatorial'
Eritrea: Eritrea
Estonia: Estonia
Ethiopia: Etiopía
'Falkland Islands (Malvinas)': 'Islas Malvinas'
'Faroe Islands': 'Islas Faroe'
Fiji: Fiyi
Finland: Finlandia
France: Francia
'French Guiana': 'Guayana Francesa'
'French Polynesia': 'Polinesia Francesa'
'French Southern Territories': 'Tierras Australes y Antárticas Francesas'
Gabon: Gabón
Gambia: Gambia
Georgia: Georgia
Germany: Alemania
Ghana: Ghana
Gibraltar: Gibraltar
Greece: Grecia
Greenland: Groenlandia
Grenada: Grenada
Guadeloupe: Guadalupe
Guam: Guam
Guatemala: Guatemala
Guernsey: Guernsey
Guinea: Guinea
Guinea-Bissau: Guinea-Bisáu
Guyana: Guyana
Haiti: Haiti
'Heard Island and McDonald Islands': 'Islas Heard y McDonald'
'Holy See': 'Santa Sede'
Honduras: Honduras
'Hong Kong': 'Hong Kong'
Hungary: Hungría
Iceland: Islandia
India: India
Indonesia: Indonesia
'Côte d''Ivoire': 'Costa de Marfil'
'Iran (Islamic Republic of)': Iran
Iraq: Irak
Ireland: Irlanda
'Isle of Man': 'Isla de Man'
Israel: Israel
Italy: Italia
Jamaica: Jamaica
Japan: Japón
Jersey: Jersey
Jordan: Jordania
Kazakhstan: Kazajistán
Kenya: Kenia
Kiribati: Kiribati
Kuwait: Kuwait
Kyrgyzstan: Kirguizistán
'Lao People''s Democratic Republic': Laos
Latvia: Letonia
Lebanon: Líbano
Lesotho: Lesotho
Liberia: Liberia
Libya: Libia
Liechtenstein: Liechtenstein
Lithuania: Lituania
Luxembourg: Luxemburgo
Macao: Macao
'Macedonia (the former Yugoslav Republic of)': Macedonia
Madagascar: Madagascar
Malawi: Malawi
Malaysia: Malasia
Maldives: Maldivas
Mali: Mali
Malta: Malta
'Marshall Islands': 'Islas Marshall'
Martinique: Martinica
Mauritania: Mauritania
Mauritius: Mauricio
Mayotte: Mayotte
Mexico: México
'Micronesia (Federated States of)': Micronesia
'Moldova (Republic of)': Moldavia
Monaco: Mónaco
Mongolia: Mongolia
Montenegro: Montenegro
Montserrat: Montserrat
Morocco: Marruecos
Mozambique: Mozambique
Myanmar: Myanmar
Namibia: Namibia
Nauru: Nauru
Nepal: Nepal
Netherlands: 'Países Bajos'
'New Caledonia': 'Nueva Caledonia'
'New Zealand': 'Nueva Zelanda'
Nicaragua: Nicaragua
Niger: Níger
Nigeria: Nigeria
Niue: Niue
'Norfolk Island': 'Isla de Norfolk'
'Korea (Democratic People''s Republic of)': 'Corea del Norte'
'Northern Mariana Islands': 'Islas Marianas del Norte'
Norway: Noruega
Oman: Omán
Pakistan: Pakistán
Palau: Palau
'Palestine, State of': Palestina
Panama: Panamá
'Papua New Guinea': 'Papúa Nueva Guinea'
Paraguay: Paraguay
Peru: Perú
Philippines: Filipinas
Pitcairn: 'Islas Pitcairn'
Poland: Polonia
Portugal: Portugal
'Puerto Rico': 'Puerto Rico'
Qatar: Catar
'Republic of Kosovo': Kosovo
Réunion: Reunión
Romania: Rumania
'Russian Federation': Rusia
Rwanda: Ruanda
'Saint Barthélemy': 'San Bartolomé'
'Saint Helena, Ascension and Tristan da Cunha': 'Santa Helena'
'Saint Kitts and Nevis': 'San Cristóbal y Nieves'
'Saint Lucia': 'Santa Lucía'
'Saint Martin (French part)': 'Saint Martin'
'Saint Pierre and Miquelon': 'San Pedro y Miquelón'
'Saint Vincent and the Grenadines': 'San Vicente y Granadinas'
Samoa: Samoa
'San Marino': 'San Marino'
'Sao Tome and Principe': 'Santo Tomé y Príncipe'
'Saudi Arabia': 'Arabia Saudí'
Senegal: Senegal
Serbia: Serbia
Seychelles: Seychelles
'Sierra Leone': 'Sierra Leone'
Singapore: Singapur
'Sint Maarten (Dutch part)': null
Slovakia: 'República Eslovaca'
Slovenia: Eslovenia
'Solomon Islands': 'Islas Salomón'
Somalia: Somalia
'South Africa': 'República de Sudáfrica'
'South Georgia and the South Sandwich Islands': 'Islas Georgias del Sur y Sandwich del Sur'
'Korea (Republic of)': 'Corea del Sur'
'South Sudan': 'Sudán del Sur'
Spain: España
'Sri Lanka': 'Sri Lanka'
Sudan: Sudán
Suriname: Surinam
'Svalbard and Jan Mayen': 'Islas Svalbard y Jan Mayen'
Swaziland: Suazilandia
Sweden: Suecia
Switzerland: Suiza
'Syrian Arab Republic': Siria
Taiwan: Taiwán
Tajikistan: Tayikistán
'Tanzania, United Republic of': Tanzania
Thailand: Tailandia
Timor-Leste: 'Timor Oriental'
Togo: Togo
Tokelau: 'Islas Tokelau'
Tonga: Tonga
'Trinidad and Tobago': 'Trinidad y Tobago'
Tunisia: Túnez
Turkey: Turquía
Turkmenistan: Turkmenistán
'Turks and Caicos Islands': 'Islas Turks y Caicos'
Tuvalu: Tuvalu
Uganda: Uganda
Ukraine: Ucrania
'United Arab Emirates': 'Emiratos Árabes Unidos'
'United Kingdom of Great Britain and Northern Ireland': 'Reino Unido'
'United States of America': 'Estados Unidos'
Uruguay: Uruguay
Uzbekistan: Uzbekistán
Vanuatu: Vanuatu
'Venezuela (Bolivarian Republic of)': Venezuela
'Viet Nam': Vietnam
'Wallis and Futuna': 'Wallis y Futuna'
'Western Sahara': 'Sahara Occidental'
Yemen: Yemen
Zambia: Zambia
Zimbabwe: Zimbabue
